a,b,c,x,y,z
5.9046312626092,-0.22951835040097948,2.794459799304758,8.699091061913958,5.6751129122082205,-3.0239781497057376
-7.076595989045741,1.7665592568729611,2.58001976887296,-4.496576220172781,-5.3100367321727795,-0.8134605119999989
-5.239073994752884,2.0594037276492654,-1.4695486261652753,-6.70862262091816,-3.1796702671036186,3.5289523538145406
1.489223330579776,1.4511202760385287,3.0566792304161456,4.545902560995922,2.9403436066183044,-1.605558954377617
-6.039343499802076,-3.482256087332816,3.5361766422292513,-2.5031668575728245,-9.521599587134892,-7.018432729562067
2.0900593601194197,2.487417790252568,3.3713898325437466,5.461449192663166,4.577477150371988,-0.8839720422911785
5.234586706556951,-1.1010277324261997,-2.8687012188633982,2.3658854876935527,4.133558974130751,1.7676734864371986
3.026833252395569,-0.9374704211342785,-1.5154908306221357,1.5113424217734335,2.089362831261291,0.5780204094878573
1.7648345521196993,-1.0086029025468852,5.610180031572258,7.375014583691957,0.7562316495728141,-6.618782934119143
6.759414498864615,-1.3271588516168413,-1.9024826569306672,4.856931841933948,5.432255647247773,0.5753238053138259
0.8123001249714803,-0.29808296146739166,-4.805466001127329,-3.993165876155849,0.5142171635040886,4.5073830396599375
-2.938003577153295,1.3101843645456814,5.384981918123804,2.4469783409705093,-1.6278192126076136,-4.074797553578123
-1.5194841936514747,3.226480404671765,0.5627939052172815,-0.9566902884341932,1.7069962110202903,2.6636864994544833
-2.5193568924484264,0.8044897970787681,2.775786495126402,0.25642960267797577,-1.7148670953696583,-1.971296698047634
2.9577439695476757,-2.6002513772720093,3.712214453924062,6.669958423471737,0.35749259227566643,-6.3124658311960715
-5.759251465694315,-1.418683563244223,4.1371960476114396,-1.6220554180828755,-7.177935028938538,-5.555879610855662
-3.3295942076314167,0.43968869892865897,-1.5289733333439908,-4.858567540975407,-2.889905508702758,1.9686620322726498
2.5764039823217004,0.058775783908782415,-4.495367216516286,-1.9189632341945853,2.635179766230483,4.554143000425068
2.387755883646143,0.3355995430837726,5.652176141922936,8.03993202556908,2.723355426729916,-5.316576598839164
-0.012347554034213839,-2.327489008508539,-6.2926752576750555,-6.30502281170927,-2.339836562542753,3.9651862491665164
-4.71764082357324,-1.1902224371601597,-3.978726825658388,-8.696367649231629,-5.9078632607334,2.788504388498228
6.465827750942693,0.03090140281900954,2.7895242470921264,9.255351998034818,6.496729153761702,-2.758622844273117
1.697824941576271,1.7535251978209991,2.056795352372625,3.754620293948896,3.4513501393972703,-0.30327015455162587
1.270552287544878,3.197294132781682,-2.5662704574104294,-1.2957181698655513,4.46784642032656,5.763564590192111
1.9539707141163793,-4.204504626034567,-2.4752629568518736,-0.5212922427354942,-2.250533911918188,-1.7292416691826937
0.1406265282600256,3.1371063313365712,-1.6941575527349833,-1.5535310244749576,3.277732859596597,4.8312638840715545
-5.830464995393663,-2.2094325951669345,2.814035767922899,-3.0164292274707636,-8.039897590560598,-5.023468363089833
4.667052355849834,1.0418447391661863,0.7702035112717209,5.437255867121555,5.70889709501602,0.2716412278944653
3.8345852363048434,-1.8940025050791667,-7.079603914523163,-3.2450186782183192,1.9405827312256767,5.185601409443996
-2.7545040721394165,0.23763594399854596,0.653005315644557,-2.1014987564948595,-2.5168681281408705,-0.41536937164601107
1.7668476928976378,2.3732191104738973,-5.47457355759004,-3.7077258646924025,4.1400668033715355,7.847792668063938
-2.3398362965074275,0.05983302251661379,-4.628278899278915,-6.968115195786343,-2.280003273990814,4.688111921795529
-5.499341681396971,0.19632001791659334,-3.7646313050971756,-9.263972986494146,-5.3030216634803775,3.9609513230137687
1.2757209921024706,2.4267613814206213,2.2138033890119457,3.4895243811144163,3.702482373523092,0.21295799240867552
4.947069284128682,2.2323659858279403,3.4477077252239443,8.394777009352627,7.179435269956622,-1.215341739396004
4.908455839773487,-1.3489357696160087,3.881238829490014,8.7896946692635,3.5595200701574785,-5.230174599106023
-7.447247732309928,-0.8692373962395264,0.6592497691152063,-6.787997963194722,-8.316485128549454,-1.5284871653547327
12.537587419377678,1.606039928473915,0.5794550391635224,13.1170424585412,14.143627347851593,1.0265848893103926
-5.742493460809111,2.5494155442877386,-0.5907692036463884,-6.3332626644555,-3.1930779165213727,3.140184747934127
2.9561252723475713,4.925476694066439,1.05114555575504,4.0072708281026115,7.88160196641401,3.8743311383113985
1.594598305528361,0.658977027839974,-0.5363884946814232,1.0582098108469378,2.2535753333683353,1.1953655225213973
7.721401583654438,1.4484924312130396,-0.9881104013453818,6.733291182309056,9.169894014867477,2.4366028325584215
1.2490641830242037,-1.8878019443907743,3.8928620790649466,5.14192626208915,-0.6387377613665706,-5.780664023455721
-1.0003086726402322,0.26095043633029225,1.5183671077502043,0.5180584351099722,-0.7393582363099399,-1.2574166714199122
8.710868565718345,-2.4512281934454143,-5.363869118763473,3.3469994469548716,6.25964037227293,2.9126409253180587
-5.586430261953787,-1.162065733955037,-1.161728644380013,-6.748158906333799,-6.748495995908824,-0.00033708957502409653
-0.2504917357103163,-0.5381825873980123,2.2673758696378647,2.0168841339275483,-0.7886743231083286,-2.805558457035877
1.932060034810368,-2.955611986647297,1.9561497557908054,3.8882097906011737,-1.023551951836929,-4.911761742438102
-4.1154772261447405,1.8472794182278456,0.7732241490704532,-3.3422530770742873,-2.268197807916895,1.0740552691573924
12.039551778448491,3.332955983403726,-0.2779848239566223,11.761566954491869,15.372507761852217,3.6109408073603486
4.950338048851505,-1.0991502597262481,0.33128007946451404,5.281618128316019,3.851187789125257,-1.4304303391907622
-6.418873028670026,-3.9316581964150754,-0.8275714639694753,-7.246444492639501,-10.350531225085101,-3.1040867324456
-4.639285169505069,2.171359918489107,-0.6583844476455242,-5.297669617150593,-2.467925251015962,2.829744366134631
8.701934348094445,2.5561284393566206,4.55598037437477,13.257914722469216,11.258062787451067,-1.9998519350181496
2.8248768099380293,-0.8028076914293745,-0.7434947972485114,2.081382012689518,2.0220691185086546,-0.05931289418086305
-1.515633378410132,1.6580777364331059,3.8533744790585915,2.3377411006484596,0.14244435802297395,-2.1952967426254855
4.4889343571845925,0.06096970359077073,-1.2327216772993894,3.256212679885203,4.549904060775363,1.2936913808901602
-1.0625201800664938,-0.5590535152349045,-4.735438935556567,-5.79795911562306,-1.6215736953013984,4.176385420321662
-4.133868145354739,-0.4307815483664543,4.169448241682616,0.03558009632787762,-4.564649693721193,-4.60022979004907
-3.403155474104058,1.95356366937256,0.29912862917938077,-3.1040268449246775,-1.4495918047314982,1.6544350401931793
-2.6777480343668354,1.0387543491662612,1.5721236938470624,-1.105624340519773,-1.6389936852005742,-0.5333693446808012
1.3717745873731533,-0.6672358328644027,-4.496974876948594,-3.1252002895754414,0.7045387545087506,3.829739044084192
8.867986717511972,1.7496533944649366,1.355826275800748,10.22381299331272,10.617640111976907,0.3938271186641886
4.535856659197528,0.44376564333866125,1.01426457474862,5.550121233946148,4.979622302536189,-0.5704989314099589
13.523481941560382,-1.274766417240884,1.0288646348779285,14.55234657643831,12.248715524319499,-2.3036310521188126
-4.043848363734066,0.7274128202264012,0.2189357247838964,-3.824912638950169,-3.3164355435076645,0.5084770954425049
-3.604918461520544,1.3135732138747405,-3.7301949717520007,-7.335113433272545,-2.2913452476458036,5.043768185626741
5.39226434565652,-4.304645521772158,3.1069825847240704,8.49924693038059,1.0876188238843625,-7.411628106496228
1.1827845276750746,1.7496868528125857,-1.6403095584531897,-0.4575250307781151,2.9324713804876605,3.3899964112657752
-6.046739915627914,0.6455798006401421,7.315460178133289,1.2687202625053757,-5.401160114987771,-6.669880377493147
-7.340963083497112,1.3371867273191993,-3.2531080777335095,-10.594071161230621,-6.003776356177912,4.590294805052709
4.03621190027717,-0.15423063250943755,-1.1010509430232587,2.9351609572539115,3.8819812677677326,0.9468203105138211
-2.8418678487473654,-1.7802270684077857,-0.6827314241509246,-3.52459927289829,-4.622094917155151,-1.097495644256861
0.45552886583589713,-0.08292044161268852,-2.721731593245148,-2.266202727409251,0.3726084242232086,2.638811151632459
-4.62512748348692,2.1164067768473585,-2.7545387118784888,-7.379666195365409,-2.5087207066395614,4.870945488725847
-3.3926983153466965,-0.1358391370507724,2.6401374806454547,-0.7525608347012418,-3.528537452397469,-2.775976617696227
5.848112720350568,1.072559346425416,1.9501534900033488,7.798266210353917,6.920672066775984,-0.8775941435779329
-2.404245995501434,0.2872490030255865,-3.1616695152232452,-5.565915510724679,-2.1169969924758476,3.4489185182488318
-2.0115903231642123,2.1872219829040156,4.107475667295102,2.0958853441308896,0.17563165973980333,-1.9202536843910862
2.209205221750383,-0.8586785118902955,1.3885856440864555,3.5977908658368385,1.3505267098600873,-2.247264155976751
-3.8574711283069707,2.69198036996486,-5.581614988655711,-9.439086116962681,-1.1654907583421106,8.273595358620572
7.64476473027217,3.5770490225101583,-0.3173234192638731,7.327441311008297,11.221813752782328,3.8943724417740313
11.550409379283323,2.369540869932075,1.211672272099705,12.762081651383028,13.919950249215399,1.15786859783237
-4.1341594158005925,-4.9872244792073035,0.6244039101004047,-3.5097555057001877,-9.121383895007895,-5.611628389307708
6.56260199238808,1.0460724037568219,-4.766835941913451,1.7957660504746293,7.608674396144902,5.812908345670273
-7.854959553167742,0.32780640171718517,0.7927189242024499,-7.0622406289652915,-7.527153151450556,-0.46491252248526477
-4.257211825776145,-0.8485599902934327,0.7309210249984179,-3.526290800777727,-5.105771816069578,-1.5794810152918506
6.1461775711387965,-3.1044410436199734,-0.2982887522847739,5.847888818854022,3.041736527518823,-2.8061522913351995
7.898765891048331,-0.30525593059954964,0.007849090366059245,7.90661498141439,7.593509960448782,-0.3131050209656089
3.2512642779476097,-0.8782056026504756,0.6826982726172796,3.9339625505648894,2.373058675297134,-1.5609038752677553
-6.691221994978186,-1.5346361782411513,-1.655810166003767,-8.347032160981954,-8.225858173219336,0.12117398776261568
-4.115060490298924,2.6068497078790545,-4.160480521807743,-8.275541012106668,-1.5082107824198694,6.767330229686798
6.898910247389875,-2.0267579130404614,-0.18877352639758055,6.710136720992294,4.872152334349414,-1.8379843866428809
-9.370602338449375,0.03923358163838341,-6.584415902995779,-15.955018241445154,-9.331368756810992,6.6236494846341625
-10.917491727348187,-0.6265463642076873,2.3011395942980974,-8.61635213305009,-11.544038091555874,-2.927685958505785
7.849807484797786,1.1356788923053713,1.8000129907686029,9.64982047556639,8.985486377103157,-0.6643340984632315
-3.8205240152775186,-1.5968700534072255,-1.8937233012692665,-5.7142473165467855,-5.417394068684744,0.2968532478620409
-0.5115925901078063,-1.230983281949228,-2.7802043913749177,-3.291796981482724,-1.7425758720570341,1.5492211094256898
-4.495875169087587,-1.8739997493253104,-3.348770865614907,-7.844646034702494,-6.369874918412898,1.4747711162895965
-2.8384338711695847,-0.7388044448808329,-0.1184303287221197,-2.9568641998917045,-3.5772383160504173,-0.6203741161587132
-4.02199037535843,0.9434197592993554,-0.39213438952520646,-4.414124764883637,-3.078570616059075,1.335554148824562
-0.5226089327361203,-1.1208568971903157,0.654198624092764,0.13158969135664367,-1.643465829926436,-1.7750555212830796
-2.404183538566493,-2.8633160836733054,0.4716395650808707,-1.9325439734856222,-5.267499622239798,-3.334955648754176
4.7995572011465795,-0.11384268155509061,0.5152574843816399,5.314814685528219,4.685714519591489,-0.6291001659367305
7.247381377846038,3.0046220028130493,2.808035013017271,10.055416390863309,10.252003380659087,0.19658698979577816
3.86867720625988,2.564528736425502,-4.946668490259361,-1.0779912839994807,6.433205942685382,7.511197226684863
-0.14217262827643154,-0.32236827224945436,-2.8062216296330895,-2.9483942579095213,-0.4645409005258859,2.483853357383635
-1.886003632765156,-0.7373953555796988,-2.762115303004275,-4.648118935769431,-2.6233989883448547,2.0247199474245763
13.323116111872826,5.44911144462598,-2.7134441700049527,10.609671941867873,18.772227556498805,8.162555614630932
-4.208186113383348,1.6098921518827145,4.128793373162516,-0.07939274022083165,-2.598293961500633,-2.518901221279801
-2.463428153392164,-0.9046535517735624,-0.0321050525710221,-2.495533205963186,-3.3680817051657264,-0.8725484992025403
-4.555912309598051,1.75739688669043,-1.1361532426625376,-5.692065552260589,-2.7985154229076215,2.8935501293529677
-11.143397670835915,-1.8243989280123465,-2.0700925171003184,-13.213490187936234,-12.967796598848262,0.2456935890879719
-6.090651865512568,-2.2128431712374774,1.2913072279764668,-4.799344637536101,-8.303495036750045,-3.5041503992139442
1.3512635741597814,4.925194500962124,-2.5515074013142067,-1.2002438271544253,6.276458075121905,7.47670190227633
-6.568669878265675,0.2139986829639325,0.05750024293521845,-6.5111696353304565,-6.3546711953017425,0.15649844002871405
5.0528101166536015,0.4995529762843469,1.3838802742336462,6.4366903908872475,5.552363092937949,-0.8843272979492993
0.6522234638530339,-1.4883312541979956,1.629023726290475,2.281247190143509,-0.8361077903449617,-3.1173549804884706
5.657299513191866,-0.6930457658021086,-1.3292841508798556,4.32801536231201,4.964253747389757,0.636238385077747
-7.694208943035457,-1.0304883668313671,-1.8932623441611383,-9.587471287196596,-8.724697309866825,0.8627739773297711
2.121158079384461,1.0111042731159097,0.8518350271905815,2.972993106575043,3.132262352500371,0.1592692459253282
5.693915141149755,3.1178399788503905,-0.8411498775030555,4.852765263646699,8.811755120000145,3.958989856353446
-4.665031634685075,1.8579588618801375,1.7901295812565317,-2.8749020534285434,-2.8070727728049376,0.06782928062360583
5.0205631074663115,0.4782634928394255,2.8347225548409796,7.855285662307291,5.498826600305737,-2.356459062001554
-4.124742704276113,-0.2641313108325739,3.0681760803801135,-1.0565666238959999,-4.388874015108687,-3.3323073912126873
0.2458893303066032,1.0208276811193915,2.7891761929544145,3.035065523261018,1.2667170114259947,-1.768348511835023
0.14019867870873765,-0.7750906658811055,4.325525761679227,4.465724440387965,-0.6348919871723679,-5.1006164275603325
-5.831302586060698,-1.9258116458869379,-3.166547159054797,-8.997849745115495,-7.757114231947636,1.240735513167859
-8.884196886638767,-1.3084049072080444,-0.23051123598881537,-9.114708122627583,-10.192601793846812,-1.077893671219229
4.053517568337334,1.6829014801485642,5.361205096803626,9.41472266514096,5.736419048485898,-3.6783036166550613
-9.515910412075918,-1.0296819357393197,-7.878193793954213,-17.394104206030132,-10.545592347815237,6.848511858214893
2.175379290764113,-1.1285278818919002,-1.830850399146379,0.34452889161773426,1.046851408872213,0.7023225172544787
-0.45709598348217495,-0.08229246570375409,-1.0427565491219446,-1.4998525326041197,-0.5393884491859291,0.9604640834181906
3.6588346641451572,-2.4449244598583197,0.415819568551775,4.074654232696933,1.2139102042868375,-2.8607440284100947
-0.5834588929376965,2.2989567917105873,3.2436934646765554,2.660234571738859,1.7154978987728908,-0.9447366729659681
-3.8276174308358755,0.37263782781357074,4.150131515676213,0.3225140848403374,-3.454979603022305,-3.777493687862642
-8.389446768473881,-1.3057717675274647,-2.4925987047046974,-10.882045473178579,-9.695218536001345,1.1868269371772326
3.25438403621102,-0.5456469506725933,3.998475235941163,7.2528592721521825,2.7087370855384267,-4.544122186613756
3.9102430621695943,1.2163084409261926,-1.2577573840240404,2.652485678145554,5.126551503095786,2.474065824950233
4.826493874134561,3.5067486177350973,-0.3889440349727881,4.437549839161774,8.333242491869658,3.8956926527078855
1.3159220296140641,0.8863801323342,5.611776448791614,6.927698478405679,2.202302161948264,-4.725396316457415
-1.298726274103409,2.3797572771675184,1.1475805667185597,-0.15114570738484923,1.0810310030641095,1.2321767104489587
-1.71655396128203,2.3357403519291755,-2.7203581015745772,-4.436912062856607,0.6191863906471455,5.056098453503752
-6.521218456448881,0.47402415667784253,3.1412190672880596,-3.379999389160821,-6.047194299771038,-2.667194910610217
5.91376794113644,0.6898238027034175,2.1398947104983446,8.053662651634784,6.603591743839857,-1.450070907794927
-2.263036992791641,-0.5298350216503952,3.197061746636665,0.9340247538450241,-2.792872014442036,-3.72689676828706
0.42132751545812,0.02529234097532561,8.2064640279952,8.62779154345332,0.44661985643344565,-8.181171687019875
-1.7105171064801314,2.7401963504668245,-1.2196600732844227,-2.930177179764554,1.029679243986693,3.9598564237512472
-1.6773241790597313,4.473500529949188,3.388515286232381,1.7111911071726496,2.796176350889457,1.0849852437168073
-5.16158166675871,-0.4657968370702453,4.02089108388391,-1.1406905828748002,-5.627378503828956,-4.4866879209541555
-6.265956090068618,-3.5526879831743834,-0.6096472262309387,-6.875603316299557,-9.818644073243002,-2.9430407569434447
-5.334520619996873,-0.6741812415085382,-0.16994224354082102,-5.504462863537694,-6.008701861505411,-0.5042389979677172
-3.1129258430653577,0.77222827677144,-1.3568523112502888,-4.469778154315646,-2.3406975662939176,2.1290805880217287
0.2954200481642843,-0.6654725613961372,0.028751091156270565,0.32417113932055486,-0.3700525132318529,-0.6942236525524078
4.577418614756894,1.260907899932698,-6.085702736642,-1.5082841218851062,5.838326514689592,7.346610636574698
0.5404143000103644,-1.1324613315339644,0.6937563117833835,1.2341706117937479,-0.5920470315236,-1.826217643317348
-2.887174500380353,1.6467115173278648,-2.808852092023042,-5.6960265924033955,-1.2404629830524883,4.455563609350907
7.15042484324214,-1.9639682270692078,-5.993750920060148,1.1566739231819918,5.186456616172933,4.02978269299094
0.8044459217719471,-2.399433106262512,1.5104756631849297,2.3149215849568767,-1.5949871844905648,-3.9099087694474415
-0.270653177795715,0.9008827709080137,-1.5464084119399748,-1.8170615897356899,0.6302295931122988,2.4472911828479886
3.093992351742702,-2.8012460788678846,-0.04865062081168876,3.0453417309310136,0.2927462728748176,-2.752595458056196
1.913206914739369,-0.826131247424001,-0.06543196857628875,1.8477749461630804,1.087075667315368,-0.7606992788477123
-1.3134852365924012,-1.135882773169151,3.0751643980211645,1.7616791614287632,-2.4493680097615522,-4.211047171190316
-0.9126727508173881,-1.075880427345732,2.7696175730382984,1.8569448222209104,-1.9885531781631203,-3.8454980003840307
1.6688613175720142,-1.0095020977058544,-3.5965846513031834,-1.9277233337311692,0.6593592198661598,2.587082553597329
0.3547214804232241,-1.1117000813036144,1.4260256832416067,1.7807471636648309,-0.7569786008803903,-2.537725764545221
-6.0776957377900835,-1.9400811683335293,-2.6755298778458543,-8.753225615635937,-8.017776906123613,0.735448709512325
-5.85031432862266,-5.050299519230819,0.41708250844659156,-5.4332318201760685,-10.900613847853478,-5.46738202767741
-2.7914834584151516,0.7607789902546237,-2.64242267183878,-5.4339061302539315,-2.0307044681605277,3.403201662093404
-1.8991994756402173,-0.735749643585354,0.5072609958128048,-1.3919384798274126,-2.6349491192255714,-1.2430106393981588
-4.862843536439876,0.35586737035571786,1.284389334079314,-3.5784542023605623,-4.506976166084159,-0.9285219637235962
-2.112464327970704,0.09603671121793146,3.52560732916711,1.413143001196406,-2.0164276167527726,-3.4295706179491785
-2.7063544397278094,0.5303993738037719,-1.9245111119690943,-4.630865551696903,-2.1759550659240374,2.4549104857728663
-1.5184116401985872,1.6455966696918702,-3.8849052574907628,-5.40331689768935,0.12718502949328303,5.530501927182633
-7.793608901179847,-0.6202377266142775,-0.07909838371803002,-7.872707284897877,-8.413846627794124,-0.5411393428962474
-0.7562749930815189,0.25356136503715576,-0.273492471020649,-1.029767464102168,-0.5027136280443631,0.5270538360578048
4.252143571257169,-0.7280104694132533,-1.591536842007892,2.660606729249277,3.5241331018439155,0.8635263725946386
-2.482036221452835,0.6663761752966362,-1.5080640619615275,-3.9901002834143626,-1.815660046156199,2.174440237258164
-2.3857645819283997,1.5210501302518113,0.9554863229619095,-1.4302782589664902,-0.8647144516765883,0.5655638072899019
6.247894552835796,-1.788947756553815,4.724112866004337,10.972007418840134,4.458946796281982,-6.513060622558152
-7.2205015933334415,-0.7780059295523539,1.5284280346632335,-5.692073558670208,-7.998507522885795,-2.3064339642155876
5.731393118850365,-1.1135785977885266,-2.71811637062722,3.013276748223145,4.617814521061838,1.6045377728386931
5.382675807141916,-0.9737766580347068,2.3455491326827227,7.7282249398246385,4.408899149107209,-3.3193257907174294
3.4606707736780913,-0.9767900055345996,0.6749976314150973,4.135668405093188,2.4838807681434916,-1.6517876369496969
2.9756798186339757,2.098669579676575,6.195730560430613,9.17141037906459,5.0743493983105505,-4.097060980754039
7.050482721334655,-2.090130568215834,-4.403598921833802,2.646883799500853,4.960352153118821,2.3134683536179677
-1.7998472149417095,-3.881958411373482,1.7057621274803991,-0.09408508746131039,-5.6818056263151915,-5.5877205388538815
3.7923494477043045,-3.738686406888492,0.628278808852795,4.4206282565571,0.0536630408158123,-4.3669652157412875
12.201098713018212,5.622465767217814,-0.02292317302579776,12.178175539992413,17.823564480236026,5.6453889402436115
-0.9161722451358842,2.0316371720905413,-0.9610888082126887,-1.877261053348573,1.115464926954657,2.99272598030323
-5.251368096849464,1.1472587624284976,-2.9010076309985515,-8.152375727848016,-4.104109334420967,4.048266393427049
0.4690106677748118,1.9704049837701962,-3.027820023822824,-2.558809356048012,2.439415651545008,4.99822500759302
4.201477474805296,0.3425299205398849,-2.247597628227774,1.953879846577522,4.544007395345181,2.590127548767659
-3.7720235323851634,3.414271144249839,2.134425666492029,-1.6375978658931345,-0.3577523881353244,1.27984547775781
-6.5935406932762035,-0.511813315555121,2.69073655861935,-3.9028041346568534,-7.105354008831324,-3.202549874174471
-4.394547258852748,-3.641739350108185,0.4715260705605232,-3.9230211882922252,-8.036286608960934,-4.113265420668708
-0.13506150076940646,0.6510567762544192,-4.715506914726273,-4.85056841549568,0.5159952754850127,5.366563690980692
4.114055653761036,-3.5166442192437577,-1.6536170566432458,2.4604385971177902,0.5974114345172783,-1.863027162600512
-4.095767995733564,2.3783008761906776,1.0310528707078972,-3.0647151250256672,-1.7174671195428868,1.3472480054827805
-6.168701320991499,2.650407346060132,-0.8161691084870037,-6.9848704294785025,-3.5182939749313666,3.466576454547136
2.527056529105127,0.12308669188504401,3.2154410128972772,5.742497542002404,2.650143220990171,-3.092354321012233
-0.8746301799290185,-0.19033741184753922,0.06266010519194669,-0.8119700747370718,-1.0649675917765578,-0.2529975170394859
-11.605165864553065,-2.477477946553592,0.34927500736360645,-11.255890857189458,-14.082643811106657,-2.8267529539171985
2.9567101004484053,-0.5143918945804637,-5.271859491355486,-2.315149390907081,2.4423182058679416,4.757467596775022
-3.4518839235201866,3.1839461485204703,-5.306079555895826,-8.757963479416013,-0.26793777499971627,8.490025704416297
-1.0186483141692677,3.520919605152978,5.035329649439425,4.016681335270157,2.5022712909837104,-1.5144100442864468
3.9091654155250763,0.791515880902829,0.7529423852962235,4.6621078008213,4.700681296427906,0.0385734956066055
6.199884792330645,-1.5289399956807832,-6.418822377222723,-0.21893758489207826,4.670944796649861,4.889882381541939
-6.362096453089966,-1.852937145981829,-0.5311207153964794,-6.893217168486445,-8.215033599071795,-1.3218164305853495
-2.1527726450946276,1.321088845844909,2.1652747090708413,0.012502063976213673,-0.8316837992497186,-0.8441858632259323
6.713647581969093,0.46972974246379506,-2.288360696849962,4.425286885119132,7.183377324432889,2.758090439313757
-2.523621702248446,-1.0577382206834072,-0.16274373265741976,-2.686365434905866,-3.581359922931853,-0.8949944880259875
1.7083362911597866,-1.1320137705056366,3.3051300286297787,5.013466319789565,0.57632252065415,-4.4371437991354155
6.8213610087645264,-1.2663786497592002,-1.6791374964600245,5.142223512304502,5.554982359005326,0.4127588467008243
-3.616109320830435,-4.708251804817677,0.8643046040011737,-2.751804716829261,-8.324361125648112,-5.572556408818851
-2.128629285237774,-0.4942827914814212,-0.661435984472407,-2.790065269710181,-2.622912076719195,0.16715319299098585
3.839249349692469,-0.6398511050639355,-4.643871443710464,-0.8046220940179949,3.1993982446285334,4.004020338646528
11.76158810784385,-2.955261442361966,4.677689965283784,16.439278073127632,8.806326665481883,-7.632951407645749
2.654284558792199,-0.09644342845399637,-1.6698836382058804,0.9844009205863185,2.5578411303382023,1.573440209751884
-3.434094825979951,-1.783389570350625,4.126917609672248,0.6928227836922973,-5.217484396330576,-5.9103071800228735
2.4027609607290006,-0.25196899176018894,-2.0193897309610294,0.3833712297679712,2.1507919689688118,1.7674207392008405
2.6952390263618926,4.276440620436914,-0.7683188771776688,1.9269201491842238,6.9716796467988065,5.044759497614583
5.168658192291926,-0.6406047021923664,5.059294396469678,10.227952588761603,4.52805349009956,-5.699899098662044
-4.71105263646284,-1.0331468034642577,2.9376177145749973,-1.773434921887843,-5.7441994399270975,-3.970764518039255
1.2224727190725222,-0.9146198194849945,0.1105710297581306,1.3330437488306528,0.3078528995875277,-1.025190849243125
-3.1323597658833657,1.5371205520044502,2.7147005179231636,-0.41765924796020215,-1.5952392138789155,-1.1775799659187134
6.816520443468976,0.8158792259957931,-1.2934612679034931,5.523059175565483,7.632399669464769,2.1093404938992864
7.4929359752891544,0.4274813435110932,0.3056949585555458,7.7986309338447,7.920417318800248,0.12178638495554739
-8.912050066557635,-1.1075212544878739,-3.026723731102356,-11.93877379765999,-10.01957132104551,1.9192024766144822
-2.001819624000621,-1.1647463376735536,4.122893968830194,2.121074344829573,-3.166565961674175,-5.287640306503748
-1.8117686068802705,-3.8835959845992623,-3.5521647984143065,-5.363933405294577,-5.695364591479533,-0.3314311861849557
-2.566595798562715,0.7143736648735916,-3.415464474762185,-5.9820602733249,-1.8522221336891236,4.129838139635777
-2.9004339628347617,-1.8303269948538443,-4.579470983573263,-7.479904946408025,-4.730760957688606,2.7491439887194193
-4.590875216062758,-3.3236797671124436,2.8610820852864234,-1.729793130776335,-7.9145549831752025,-6.184761852398867
0.6589102958907694,1.2555113145247891,-3.0574247891628117,-2.3985144932720424,1.9144216104155585,4.312936103687601
-6.0896160280256115,-4.455044771798802,-0.882071845824919,-6.971687873850531,-10.544660799824413,-3.5729729259738825
2.5351188298799983,-0.46226002834504487,0.19828611944921412,2.7334049493292123,2.072858801534953,-0.660546147794259
-3.2462111539622724,-0.6922698864539844,0.4442361301663358,-2.8019750237959364,-3.938481040416257,-1.13650601662032
1.905836202161677,2.1119179414228526,1.4386615004525116,3.3444977026141887,4.017754143584529,0.673256440970341
5.339345086025721,-0.36220043439957755,-1.6507166503482784,3.688628435677443,4.977144651626144,1.288516215948701
3.2087971299963867,0.26427746803195795,4.2901748791406,7.4989720091369865,3.4730745980283446,-4.025897411108642
-0.44209218041661585,-1.221048963778339,0.6268475224545433,0.18475534203792748,-1.6631411441949548,-1.8478964862328824
3.8355328849739223,-1.5919866888724696,-1.7092143459304365,2.126318539043486,2.2435461961014527,0.1172276570579669
-4.607690028738883,-0.7119978820635193,2.67799981289337,-1.929690215845513,-5.319687910802402,-3.3899976949568895
-1.2928133906348325,0.18267673973815962,6.596705289478244,5.303891898843411,-1.1101366508966728,-6.414028549740085
-1.4868312525761689,-1.5591215750932883,1.2928659093502448,-0.19396534322592407,-3.045952827669457,-2.851987484443533
-5.304649155490137,-2.4921203123537143,-2.1909623256124258,-7.4956114811025625,-7.796769467843851,-0.3011579867412886
-1.23267608893954,-0.5492143775030067,-2.2141728874196795,-3.4468489763592194,-1.7818904664425468,1.6649585099166728
-0.9556984688121134,-4.702412811699361,-3.4993190774503558,-4.455017546262469,-5.658111280511474,-1.2030937342490051
-2.0718188261966706,0.40797440787611616,-2.1524649707455366,-4.224283796942207,-1.6638444183205543,2.560439378621653
-3.835119867937806,-0.8043390487098168,2.505779903805152,-1.3293399641326538,-4.639458916647623,-3.310118952514969
-5.43954492784572,0.6237496956380219,-0.9452583317412051,-6.384803259586925,-4.815795232207698,1.569008027379227
-4.4716369489303895,0.8223457248642093,-5.447246712423233,-9.918883661353622,-3.64929122406618,6.269592437287442
-2.7986822378221206,0.22915070271742646,-2.8141759780659727,-5.612858215888093,-2.569531535104694,3.0433266807833994
-0.4735477086453524,-4.56108039772779,-1.2268141734711677,-1.70036188211652,-5.034628106373142,-3.334266224256622
0.428911801424858,0.5417197796850826,2.1329027712747832,2.561814572699641,0.9706315811099406,-1.5911829915897007
2.3570235500452204,-1.8951123261733296,3.89326163673872,6.25028518678394,0.46191122387189076,-5.78837396291205
-5.939098671732637,0.47393498032749154,2.7626665115829154,-3.1764321601497216,-5.465163691405145,-2.288731531255424
-2.9075993361528645,-3.976271670187803,-6.193776954717146,-9.10137629087001,-6.883871006340668,2.217505284529343
-2.6689633544557085,-0.23767826187755223,-4.532691731693853,-7.201655086149561,-2.906641616333261,4.2950134698163005
4.7253413176640855,0.66196963852737,-0.7910309278950542,3.9343103897690312,5.387310956191455,1.4530005664224244
-4.008746267577336,-3.360031624646214,2.3347190879001642,-1.6740271796771715,-7.36877789222355,-5.694750712546378
3.906026777174389,3.166175933139543,-1.6628710714347332,2.243155705739656,7.072202710313932,4.829047004574276
-7.0617245829277655,-0.1580203677656654,0.45940875386726426,-6.602315829060501,-7.219744950693431,-0.6174291216329296
11.325399090605606,-0.8291137231401997,4.24050318285563,15.565902273461235,10.496285367465406,-5.069616905995829
-2.926174397455343,-2.211055801042788,-1.8437699237416323,-4.769944321196975,-5.137230198498131,-0.3672858773011558
3.9298267472264947,3.5451142041213757,0.2925029423434643,4.222329689569959,7.47494095134787,3.2526112617779113
-1.3865447950989234,-0.7624671314247335,2.105097570071451,0.7185527749725278,-2.1490119265236567,-2.8675647014961845
4.088778190373659,-1.6388661826554582,-4.283249819493998,-0.194471629120339,2.4499120077182006,2.6443836368385396
0.9701741782638001,1.396189486254718,-0.7640743924385056,0.20609978582529453,2.366363664518518,2.1602638786932236
-3.6150365986674755,1.5289242696103091,-4.210675549475649,-7.825712148143125,-2.0861123290571664,5.739599819085958
1.7951203092169534,-2.3863881584309996,4.477102664868561,6.272222974085514,-0.5912678492140462,-6.863490823299561
1.3560471999653916,0.3297371969591259,-2.368249845548637,-1.0122026455832454,1.6857843969245174,2.697987042507763
8.031670985335587,-5.052125648603223,-0.41585568120166044,7.615815304133927,2.9795453367323645,-4.636269967401563
1.419208462392369,0.31064407120012116,2.1779680995024693,3.5971765618948384,1.7298525335924904,-1.867324028302348
8.96273266079546,0.6150764544133598,0.6437198290401945,9.606452489835654,9.57780911520882,-0.02864337462683475
-2.879483661965705,-1.9915374603485196,-0.06008363506513133,-2.939567297030836,-4.871021122314224,-1.9314538252833884
-2.287094333201008,-0.23873931502294973,-2.217347959032427,-4.504442292233435,-2.5258336482239576,1.9786086440094772
4.8794438998175895,1.2664758720643063,-4.4671236201276265,0.412320279689963,6.145919771881896,5.733599492191933
2.863863534406214,-1.7096654872556174,1.5873055928725317,4.451169127278746,1.1541980471505968,-3.296971080128149
4.52544142408382,-1.4844282323542102,3.252102773973558,7.777544198057378,3.0410131917296104,-4.736531006327768
-3.0485174064816163,-2.4641336487823375,2.445953128380672,-0.6025642781009442,-5.512651055263953,-4.910086777163009
2.0510255365000667,-1.861092677748674,1.8014595736167298,3.8524851101167963,0.18993285875139265,-3.662552251365404
8.75052461535534,1.3679799264653478,-4.392103572122531,4.358421043232809,10.118504541820688,5.760083498587879
-7.246328270462675,-3.7913547192912627,1.2390779127483045,-6.00725035771437,-11.037682989753938,-5.030432632039567
5.843625523226262,2.596776684622098,-1.680278663403533,4.163346859822729,8.44040220784836,4.27705534802563
3.303266696675085,0.9192056673708372,-1.914375366146376,1.388891330528709,4.222472364045922,2.833581033517213
1.1400485672441345,0.17562974511669235,-0.9459490326457057,0.19409953459842877,1.3156783123608269,1.121578777762398
0.3617168032616903,-0.4255439881362421,2.019128327020848,2.3808451302825384,-0.0638271848745518,-2.44467231515709
1.9205981081791275,1.1181501736063486,-2.5665517868075827,-0.6459536786284552,3.038748281785476,3.684701960413931
2.096813085824054,-0.6763443151053307,-4.396383797796015,-2.299570711971961,1.4204687707187236,3.7200394826906846
2.0376896165939264,-2.5441848178308,-3.7586619293083903,-1.7209723127144638,-0.5064952012368735,1.2144771114775903
3.21695244350148,1.6972643457216694,4.047198152829983,7.264150596331463,4.91421678922315,-2.3499338071083136
-2.69182513078497,1.9976486481428888,-5.251436402706238,-7.943261533491208,-0.6941764826420813,7.249085050849127
-0.018368076270786394,-2.024525310600466,-0.4617858772214859,-0.4801539534922723,-2.042893386871252,-1.56273943337898
-3.2429894210786,-0.43431544259328814,1.2146784930881056,-2.0283109279904945,-3.677304863671888,-1.6489939356813936
1.5275166025444797,0.18331343291218166,-0.914143887884282,0.6133727146601977,1.7108300354566615,1.0974573207964637
4.4196163373583826,-0.4286947935468407,1.4643125568172162,5.8839288941755985,3.9909215438115417,-1.8930073503640568
0.41966977076236445,0.5552141273248925,-2.608789556359365,-2.1891197855970006,0.974883898087257,3.1640036836842578
-0.7468001421809861,3.3354712134351407,2.060536120227282,1.3137359780462958,2.5886710712541547,1.274935093207859
-6.405335325059989,-0.5181297374626679,0.8454569190643035,-5.559878405995685,-6.923465062522657,-1.3635866565269714
6.8208917321277855,-3.1070994722165803,0.2559220935592713,7.076813825687057,3.713792259911205,-3.3630215657758518
-8.659876207951005,-2.9143839444602353,-3.0452652350010627,-11.705141442952067,-11.57426015241124,0.13088129054082742
3.4909603312374204,1.0465622994105896,-1.907714095949011,1.5832462352884094,4.53752263064801,2.9542763953596007
2.5974342823750938,1.3019643903217681,-2.358746211778896,0.23868807059619757,3.899398672696862,3.6607106021006643
-4.630215980209406,-0.25375930423091064,-1.7923246876336991,-6.422540667843105,-4.883975284440316,1.5385653834027884
-0.21523053097657244,0.2937186673437704,-0.5065607156580099,-0.7217912466345823,0.07848813636719795,0.8002793830017803
-9.068511204835465,2.968253197169747,-0.8619815142896352,-9.9304927191251,-6.100258007665718,3.830234711459382
0.002581225131008953,0.31395612561601915,4.219475685450043,4.222056910581052,0.3165373507470281,-3.9055195598340235
1.6810242945980105,0.605222102496061,-1.6386986221993884,0.04232567239862206,2.2862463970940716,2.2439207246954496
-7.023326565433681,-0.9097353470765798,3.9497613349123504,-3.073565230521331,-7.933061912510261,-4.85949668198893
1.5799782020146553,0.3611468563042399,-2.497263958293244,-0.9172857562785888,1.9411250583188953,2.858410814597484
1.6333495091850867,-0.7805992951100998,-0.29233007075308926,1.3410194384319976,0.8527502140749869,-0.4882692243570106
5.411270316508478,-0.4234540952687472,-3.6602956033244274,1.7509747131840507,4.987816221239731,3.2368415080556803
1.4453906640548104,3.0004443658167594,2.71994486775199,4.1653355318068,4.44583502987157,0.28049949806476926
-4.148994461193409,-2.199038339435207,0.6063954645911618,-3.542598996602247,-6.348032800628616,-2.805433804026369
-3.10718715983779,2.044071203450801,-4.4721145623470955,-7.579301722184885,-1.063115956386989,6.516185765797896
4.2997274498984135,-0.38637929452910535,1.7084676413237052,6.0081950912221185,3.913348155369308,-2.094846935852811
-2.3572538052407137,0.7913568788272093,-1.232521288298158,-3.5897750935388717,-1.5658969264135045,2.023878167125367
8.944460270296396,-2.518490338537207,-2.6221989376538923,6.322261332642504,6.425969931759189,0.10370859911668528
2.0961547131349634,-2.512852689866784,0.47343324208946236,2.5695879552244256,-0.4166979767318204,-2.986285931956246
-2.6235910210820963,-1.3441319537104532,-2.864757978349979,-5.488348999432075,-3.9677229747925495,1.5206260246395256
9.694443130297696,-1.9879612056290035,-1.8545580236515806,7.839885106646115,7.706481924668692,-0.13340318197742285
-2.480167791186718,-0.7910126521180009,-0.9590291156073649,-3.4391969067940833,-3.271180443304719,0.16801646348936405
-5.339236314712677,-1.153956198150382,-2.061828367090084,-7.401064681802761,-6.493192512863059,0.9078721689397018
-7.326599460854585,3.3343728008761477,1.6746971915408233,-5.651902269313761,-3.992226659978437,1.6596756093353244
-0.2251734262569982,-0.7909141957064492,1.5391049683108058,1.3139315420538076,-1.0160876219634474,-2.330019164017255
4.61316665833916,2.663351095204796,-0.39985473659374965,4.21331192174541,7.276517753543956,3.0632058317985456
-3.855588070702854,1.125467501080727,1.1191517813222993,-2.7364362893805545,-2.7301205696221267,0.006315719758427596
-7.011334432344065,-2.42316439520046,0.3381629836878449,-6.673171448656221,-9.434498827544525,-2.761327378888305
-9.596699116445684,1.8213864017009762,-1.4074551247965559,-11.00415424124224,-7.775312714744708,3.228841526497532
-13.983972273265541,-0.9402926029003292,-0.7562773303171502,-14.740249603582692,-14.924264876165871,-0.18401527258317907
1.1797521329738578,0.23577939120648064,2.5838471888186967,3.7635993217925545,1.4155315241803386,-2.348067797612216
0.06618199443561888,-2.3873538803190963,1.4284800208833324,1.4946620153189512,-2.3211718858834773,-3.8158339012024287
4.668248232962219,2.7303069274080967,2.8309936003880893,7.4992418333503075,7.398555160370315,-0.10068667297999268
-0.45438760296073694,1.4194519387297841,-1.6394499313334703,-2.0938375342942073,0.9650643357690472,3.0589018700632544
-0.3196501515992787,-4.101815552467943,-1.343107438820406,-1.6627575904196847,-4.421465704067222,-2.7587081136475367
6.8011671868297165,1.354221001490328,0.9794788843691107,7.780646071198827,8.155388188320044,0.3747421171212173
11.204661986439904,0.046702956330783044,0.2654377803929822,11.470099766832886,11.251364942770687,-0.21873482406219918
1.7380128575859772,-2.7420142136581234,-1.860760964697918,-0.12274810711194073,-1.0040013560721461,-0.8812532489602054
-0.9242767231443916,-1.138516462569195,2.233940450531365,1.3096637273869736,-2.062793185713587,-3.37245691310056
-0.4258331830034915,-0.4778859357296393,-0.6985785695614252,-1.1244117525649167,-0.9037191187331308,0.2206926338317859
-3.0311891453874997,1.5995051641223823,-1.1751935690848976,-4.206382714472397,-1.4316839812651174,2.7746987332072797
-4.205739921602062,-1.4691406104102214,6.357979314121982,2.1522393925199204,-5.674880532012283,-7.827119924532203
-7.92359008667572,3.0582522927054816,-1.962207766848886,-9.885797853524606,-4.865337793970238,5.020460059554368
8.57197682032108,2.287056077515231,1.4469713022643178,10.018948122585398,10.859032897836311,0.8400847752509131
2.7031722538046923,-1.1493488422973017,-0.953490056835778,1.7496821969689142,1.5538234115073906,-0.1958587854615237
-0.6869010292151738,0.028448533940469853,-0.9460047055095386,-1.6329057347247125,-0.658452495274704,0.9744532394500085
-0.7477228799507785,-1.6972366782487824,-0.26305127627302555,-1.010774156223804,-2.444959558199561,-1.434185401975757
-4.512567369527488,-2.09000902859828,-3.908599928010773,-8.421167297538261,-6.602576398125768,1.8185908994124929
4.505531707941922,-4.230299218123575,-2.7515184354228466,1.7540132725190758,0.2752324898183476,-1.4787807827007282
10.824092441101406,1.461077297488681,-2.3567996344506796,8.467292806650727,12.285169738590087,3.8178769319393604
2.63923050577663,2.1685891172858907,-1.690192848327705,0.9490376574489248,4.807819623062521,3.8587819656135958
-7.603080743250726,-0.5460856029581937,-1.1251070664952594,-8.728187809745986,-8.14916634620892,0.5790214635370656
8.28733839132531,-1.622552131015167,-5.379065024291283,2.9082733670340266,6.664786260310143,3.7565128932761165
-5.507523193862259,1.4621114819761887,-1.960179143710332,-7.46770233757259,-4.04541171188607,3.4222906256865206
5.4380144934049435,3.367227426701687,3.238019273684112,8.676033767089056,8.805241920106631,0.12920815301757527
3.3466404185691543,0.30395500942082515,1.367644829621622,4.714285248190777,3.6505954279899795,-1.0636898202007967
5.974254747184168,1.9152950050588073,-2.3561392455373644,3.6181155016468036,7.889549752242975,4.2714342505961715
1.9972335124746277,1.2069327851339693,3.9160128546804467,5.913246367155074,3.204166297608597,-2.709080069546477
-1.1868838796489278,1.9650993267800685,-1.7072576480509847,-2.8941415276999125,0.7782154471311407,3.672356974831053
0.23539372376428283,0.16217326657407002,-2.6509284807554243,-2.4155347569911414,0.39756699033835285,2.8131017473294944
-11.79898361814227,3.2220838603875137,0.9647188054052229,-10.834264812737047,-8.576899757754756,2.257365054982291
-7.588281683297737,-0.40468728186708397,2.704571409694246,-4.883710273603491,-7.992968965164821,-3.10925869156133
0.4151868996179484,-0.4953714036323146,-3.621990285918282,-3.206803386300334,-0.08018450401436616,3.1266188822859675
6.225020843962908,-0.07469445420822045,-1.8794176041984332,4.3456032397644755,6.150326389754688,1.8047231499902128
1.638597818268174,-3.992269629914961,-2.625509945641805,-0.986912127373631,-2.353671811646787,-1.366759684273156
-1.3700767361789135,-1.899011156324742,-3.1185492953642355,-4.4886260315431485,-3.2690878925036557,1.2195381390394935
-3.0027971335692882,-0.7218016324775276,1.0702240499589486,-1.9325730836103396,-3.7245987660468156,-1.7920256824364762
5.50763814523751,-1.0602431413796702,-2.27052426190848,3.2371138833290303,4.44739500385784,1.2102811205288095
-1.9793670547996702,1.649398315781878,-5.117345590675976,-7.096712645475646,-0.32996873901779233,6.766743906457854
4.017101488682312,0.11033407330193588,-0.7746378980240263,3.2424635906582857,4.127435561984248,0.8849719713259622
5.8186893469312935,1.3375897581171137,2.4231522015975746,8.241841548528868,7.156279105048407,-1.085562443480461
-1.6060099313159522,-0.9863037570350165,1.2615944453200287,-0.3444154859959234,-2.5923136883509685,-2.2478982023550453
-1.5356084413440234,-0.5744319183673932,1.014991689086972,-0.5206167522570515,-2.110040359711417,-1.589423607454365
3.8153401347239018,1.501441288651407,-1.4423584310605395,2.3729817036633625,5.316781423375309,2.9437997197119463
-13.95076566098518,-3.3600546964068285,-6.613872682412506,-20.564638343397686,-17.310820357392007,3.2538179860056773
4.328113887464327,-0.4375651893821869,6.296164171780976,10.624278059245302,3.89054869808214,-6.733729361163163
0.38429306781887285,2.6255952105104696,-0.3407218003481923,0.04357126747068052,3.0098882783293424,2.966317010858662
7.971746382488324,-0.7134907839224909,5.031923918695885,13.003670301184208,7.2582555985658335,-5.745414702618375
5.443251602764374,1.887724146739206,1.7588481421589721,7.202099744923346,7.33097574950358,0.12887600458023396
5.352730122184442,2.5714151894876465,3.3723643842134425,8.725094506397884,7.924145311672088,-0.8009491947257961
1.595902229903795,1.1404524071720281,-2.118779821187614,-0.5228775912838188,2.736354637075823,3.259232228359642
-1.317472835176826,1.6659267361945553,0.1274712000578166,-1.1900016351190092,0.34845390101772944,1.5384555361367387
3.0522209733023073,-1.1166356735969016,-3.777178264579479,-0.7249572912771716,1.9355852997054057,2.660542590982577
-3.1096902080044697,-2.4348285482731082,5.0795971345068605,1.9699069265023907,-5.5445187562775775,-7.514425682779969
7.558716327842236,1.0881880742027294,3.937759825012103,11.496476152854338,8.646904402044965,-2.8495717508093734
4.748850476899066,1.2503345649714959,-0.9627274269911739,3.786123049907892,5.999185041870562,2.21306199196267
1.1133591702204804,-0.07296031226629197,0.5960352516731308,1.7093944218936112,1.0403988579541883,-0.6689955639394227
-4.5496259410984905,-1.3760286659458203,-3.855926719878636,-8.405552660977126,-5.925654607044311,2.479898053932816
-0.4375503170354044,0.9533716012989912,-9.198083920564647,-9.635634237600051,0.5158212842635868,10.151455521863639
2.7876096350972683,-1.5883927534029991,-1.7039336902028932,1.0836759448943751,1.1992168816942692,0.11554093679989408
-5.391129643682456,-1.6056598630209522,-1.2257534330031326,-6.616883076685589,-6.996789506703408,-0.37990643001781965
0.4752684409445036,1.9624752895616158,-0.482130139028002,-0.006861698083498402,2.4377437305061194,2.4446054285896177
6.47378565062659,0.15881167324820944,2.222812247897837,8.696597898524427,6.6325973238747995,-2.0640005746496275
1.8502609136885249,-1.1434456611732613,4.2647235185877275,6.114984432276252,0.7068152525152636,-5.408169179760989
1.3767738772705431,-4.466991780331449,4.78828462791238,6.165058505182923,-3.090217903060906,-9.25527640824383
-4.769345823915495,1.861604774720583,4.7113119360115085,-0.05803388790398678,-2.9077410491949123,-2.8497071612909255
2.4202614837489085,1.8535862736975972,4.895353889566438,7.315615373315347,4.2738477574465055,-3.0417676158688414
-4.81724841467789,-0.9639718994518025,-1.3192360478676437,-6.136484462545534,-5.781220314129692,0.3552641484158412
6.26213184727114,-0.6791426461984684,2.4559662680190253,8.718098115290164,5.582989201072671,-3.1351089142174935
-0.40797811553529467,2.4979686811088433,0.09844305291432165,-0.309535062620973,2.0899905655735487,2.399525628194522
2.8569118167947023,-1.442239695184628,-4.090678519504845,-1.2337667027101427,1.4146721216100744,2.648438824320217
7.915075340494386,-1.156829383069184,0.4851000578104864,8.400175398304873,6.758245957425203,-1.6419294408796703
5.910253977872889,-0.019296487008666013,-2.906379520841709,3.00387445703118,5.890957490864223,2.887083033833043
-0.17261440848834098,-0.5341359906689461,3.3022365595264125,3.1296221510380713,-0.7067503991572871,-3.8363725501953585
3.6860146593210317,1.040866285086481,-3.1311010221707836,0.5549136371502481,4.726880944407513,4.1719673072572645
-6.624015234254021,1.2282276897930822,4.640882582562256,-1.983132651691765,-5.395787544460939,-3.4126548927691736
-2.595198630035163,4.533252053393768,-1.9496157539521262,-4.544814383987289,1.9380534233586046,6.482867807345894
2.6317982693828093,-0.5830969733605519,-8.207890931365585,-5.576092661982775,2.0487012960222573,7.624793958005033
8.352037605904378,-0.7842013099783904,3.4298717632322027,11.781909369136581,7.5678362959259875,-4.214073073210593
-5.126070936952781,-1.0985237807425259,2.1422988173311275,-2.983772119621653,-6.2245947176953065,-3.2408225980736534
-2.0853122711261225,-4.311302169122136,1.1205545447586585,-0.964757726367464,-6.396614440248259,-5.431856713880794
-0.8971872349193694,1.6068296365050763,-1.956748379969869,-2.8539356148892385,0.7096424015857069,3.5635780164749455
-0.004695699738947288,0.2742588401968856,-0.2289318709965925,-0.2336275707355398,0.26956314045793833,0.5031907111934781
-9.202671170584287,1.3991733971807538,1.982669100417433,-7.220002070166854,-7.803497773403533,-0.5834957032366792
6.270730363154914,2.181869433217796,2.57127444346618,8.842004806621095,8.45259979637271,-0.3894050102483839
0.08422676637131075,2.7579636456512095,-5.561396482678273,-5.477169716306962,2.84219041202252,8.319360128329482
-10.249327247955136,4.403201816211674,1.0237567779555636,-9.225570469999573,-5.846125431743462,3.3794450382561108
6.690665121435686,-0.4659155719098335,-1.025850968835068,5.664814152600617,6.2247495495258525,0.5599353969252345
5.249868587671349,0.2719198074541335,-3.378974078359822,1.870894509311527,5.5217883951254825,3.6508938858139555
-1.7464767126137208,-0.65376724148571,0.227849649977051,-1.5186270626366698,-2.4002439540994307,-0.881616891462761
-1.3298226431230757,-1.1787365701895551,1.674933664619201,0.34511102149612527,-2.5085592133126307,-2.853670234808756
-0.19038781730148974,-3.3914231585220547,3.2557862970556517,3.065398479754162,-3.5818109758235446,-6.647209455577706
0.10554701029025351,-1.5492689034788059,1.432324114283757,1.5378711245740107,-1.4437218931885523,-2.981593017762563
-6.500783620371307,0.32166582724354725,-3.9802077356394943,-10.4809913560108,-6.1791177931277605,4.301873562883041
4.081211574723394,0.028114543814566628,-1.012141575744357,3.069069998979037,4.10932611853796,1.0402561195589237
5.938791079865375,-1.0551587986609572,-5.392498589044801,0.5462924908205737,4.8836322812044175,4.337339790383844
-3.1878897577113605,0.713598960778546,-0.9309101801916706,-4.118799937903031,-2.4742907969328147,1.6445091409702166
5.8896994111309215,-1.2982277599501806,-5.109552008830979,0.7801474022999422,4.591471651180741,3.8113242488807986
2.004615457417771,-2.0462138594705697,0.7718006192785936,2.7764160766963646,-0.04159840205279863,-2.818014478749163
-1.1456829954555146,0.5048863510075395,3.350845356694187,2.2051623612386724,-0.640796644447975,-2.8459590056866477
-8.33313426789535,3.1788123302677165,-3.4215138232174103,-11.75464809111276,-5.154321937627634,6.600326153485127
2.793756462337735,-2.701488375031684,-3.0869520461268407,-0.2931955837891058,0.09226808730605107,0.3854636710951569
6.882569250737939,0.7085436330453154,-1.5042529444278103,5.378316306310129,7.591112883783254,2.2127965774731257
0.26973917716031154,-0.1399174974999829,-0.02867360648978407,0.24106557067052747,0.12982167966032865,-0.11124389101019883
-1.2620026429213513,1.737502973686406,5.622319164308053,4.360316521386701,0.4755003307650547,-3.8848161906216463
-0.6112287304876165,0.44344132447553797,0.2101667288950287,-0.4010620015925878,-0.16778740601207853,0.23327459558050928
2.84626605640651,-0.8132910560189058,-1.0771415724468014,1.7691244839597087,2.032975000387604,0.2638505164278956
-1.855567459259566,-2.4038557936883787,-0.39268814878265945,-2.2482556080422254,-4.259423252947944,-2.0111676449057194
-7.669132771805445,-0.7346597361139335,-0.24223566871979352,-7.911368440525238,-8.403792507919379,-0.49242406739414
0.7022756757962427,2.705060881349304,-3.8075000440559847,-3.105224368259742,3.4073365571455465,6.512560925405289
-6.429254159024486,3.7911439272241494,0.906571957063137,-5.5226822019613495,-2.638110231800337,2.884571970161012
-1.785253431528606,-1.0972777522223272,-0.6466772825850508,-2.4319307141136566,-2.882531183750933,-0.4506004696372764
1.5277919945551361,0.9633407643629244,3.0378724489031526,4.565664443458289,2.4911327589180603,-2.0745316845402284
3.199398080682458,-2.696220471785725,1.3920470730241423,4.591445153706601,0.503177608896733,-4.0882675448098675
1.1339392889766724,-1.3157546706462362,-1.4129484524551725,-0.27900916347850013,-0.1818153816695638,0.09719378180893634
3.6303881751327394,0.7150917725993076,1.1434651773225588,4.773853352455298,4.345479947732047,-0.42837340472325125
4.2861508792049765,-1.4568991020117927,-1.0388506034010865,3.24730027580389,2.8292517771931838,-0.41804849861070625
-4.8901856557870085,2.150159141231396,-3.5591185966106513,-8.44930425239766,-2.7400265145556126,5.709277737842047
-9.420821992094531,1.9707200814450834,-7.847789053449798,-17.26861104554433,-7.4501019106494475,9.818509134894882
-2.9513912371020465,-2.6549223751178483,2.3870228653217094,-0.5643683717803372,-5.606313612219894,-5.041945240439558
-2.972360646398071,1.2997861312873347,-1.3924526435262286,-4.3648132899242995,-1.6725745151107365,2.692238774813563
0.27801193290810483,-0.706212802545517,-1.1675880204340932,-0.8895760875259884,-0.42820086963741216,0.46137521788857616
-0.3043559037511912,0.30780164709387065,9.804092169412254,9.499736265661063,0.0034457433426794415,-9.496290522318382
-10.144292347626473,-2.233028871016481,-2.7693462968460794,-12.913638644472552,-12.377321218642955,0.5363174258295982
6.025151949095305,-1.5401298844775957,-2.2054448107595896,3.819707138335715,4.485022064617709,0.665314926281994
2.8467026917660925,-2.125270327001296,-5.8054347622112115,-2.958732070445119,0.7214323647647967,3.6801644352099157
0.7460985412810405,0.4413848773168882,1.43485776945117,2.1809563107322103,1.1874834185979286,-0.9934728921342817
7.1962470106897,-0.15937240862307891,3.8688621624977335,11.065109173187434,7.0368746020666215,-4.028234571120812
5.137214668651763,3.1275340689815385,-1.4262415226260419,3.7109731460257205,8.264748737633301,4.553775591607581
3.973577397812209,-2.0030886686618716,1.3955373462752019,5.369114744087411,1.9704887291503375,-3.3986260149370735
-0.3500823981780496,-1.2276605520296877,-4.049255203157965,-4.399337601336014,-1.5777429502077374,2.821594651128277
-10.001580449246362,0.013671615941986405,-1.8006771990855144,-11.802257648331876,-9.987908833304376,1.814348815027501
-4.190883009336717,-6.604959567973144,3.735682714486824,-0.45520029484989255,-10.79584257730986,-10.340642282459967
-5.9483002159726635,3.1522712153108854,4.210618923839762,-1.7376812921329012,-2.796029000661778,-1.0583477085288768
1.589548639046067,-3.186008529887855,-3.3470234470261975,-1.7574748079801306,-1.5964598908417882,0.16101491713834237
0.4868285535491432,1.4835292065976766,-1.3200655096825886,-0.8332369561334454,1.9703577601468198,2.8035947162802652
5.742823761908271,-5.163385235738783,2.929553591722919,8.672377353631191,0.5794385261694881,-8.092938827461701
-4.697118906013042,4.4783046466570315,7.123997139314945,2.4268782333019026,-0.2188142593560105,-2.645692492657913
-0.35237857918571736,-4.15057909658063,-2.3041328095178986,-2.656511388703616,-4.502957675766347,-1.8464462870627316
8.31390058533312,-0.664502607754102,1.1958267575633286,9.509727342896447,7.649397977579017,-1.8603293653174306
-5.985908196031563,-4.574935632036089,2.7948973770365626,-3.191010818995,-10.560843828067652,-7.369833009072652
10.73444454685138,1.262910717910862,3.4048847346717332,14.139329281523114,11.997355264762241,-2.141974016760871
-4.469685079430164,0.0972370435489511,-2.2550183769725,-6.724703456402664,-4.372448035881213,2.352255420521451
-8.662966202871146,-0.9911282298880162,-1.9325365611415686,-10.595502764012714,-9.654094432759162,0.9414083312535524
2.476089616612083,0.3318050937622379,-1.7293196135128341,0.746770003099249,2.8078947103743213,2.061124707275072
-2.9550450113702635,-0.719669822385759,1.7473490237940283,-1.2076959875762352,-3.6747148337560227,-2.4670188461797875
0.24887651626102314,-0.5337703932514852,0.8880817473724194,1.1369582636334425,-0.2848938769904621,-1.4218521406239046
0.21022624163986856,1.7706102743849457,1.4469334881599354,1.657159729799804,1.9808365160248143,0.3236767862250103
7.836691182735294,0.4164723265538704,-4.878073943052094,2.9586172396832,8.253163509289164,5.294546269605965
0.44513240273790994,2.3069410658857428,-3.714158633593552,-3.2690262308556424,2.7520734686236525,6.021099699479295
6.292342582229321,-0.7505256552069237,0.25644262539165996,6.548785207620981,5.541816927022397,-1.0069682805985836
-1.1438727686762367,-1.9426816246364547,3.6023027720527043,2.458430003376468,-3.0865543933126913,-5.544984396689159
2.2064000388621925,-0.9034623730829278,1.7320445079323896,3.938444546794582,1.3029376657792646,-2.6355068810153175
3.391189119621412,-0.48110542152655955,3.381855339301392,6.773044458922804,2.9100836980948523,-3.862960760827952
10.361260035895086,-1.2456488385059719,2.0630423526892026,12.424302388584287,9.115611197389114,-3.3086911911951744
-5.17222329423217,-2.570069368389426,-5.471828295118068,-10.644051589350237,-7.742292662621596,2.9017589267286423
1.512940236839517,3.210950465717608,-0.4570535941410682,1.0558866426984488,4.723890702557125,3.668004059858676
7.829913260672101,0.9917683669843569,-0.1484591064061549,7.681454154265946,8.821681627656458,1.1402274733905118
7.106204028376915,-0.4645560082092455,-4.897300297614728,2.208903730762187,6.641648020167669,4.432744289405482
0.15941823561783375,-0.5341908018748295,-6.387079424595814,-6.227661188977979,-0.37477256625699573,5.852888622720984
0.1563103681423379,-2.607936110453918,3.3375982572558476,3.4939086253981855,-2.45162574231158,-5.945534367709765
-0.9015393161950795,-0.27434787527575744,3.2088447079925024,2.307305391797423,-1.1758871914708369,-3.4831925832682598
-2.0435200448946573,-1.1873697838312383,-2.6392507035727952,-4.682770748467453,-3.2308898287258954,1.451880919741557
-8.497711189197652,-1.9722505220202011,0.6706908051812772,-7.827020384016375,-10.469961711217852,-2.6429413272014783
1.756917715529237,1.2232414315659608,1.6550349776520543,3.4119526931812914,2.980159147095198,-0.43179354608609355
1.4554570977812524,-0.4244880763436411,2.0763350525682034,3.531792150349456,1.0309690214376113,-2.5008231289118443
-5.640901514810387,2.112694580261655,-1.1004478309579269,-6.741349345768313,-3.5282069345487317,3.213142411219582
-4.181261356910168,2.277854789540091,2.1356630573757536,-2.0455982995344146,-1.903406567370077,0.14219173216433756
